CREATE DATABASE  IF NOT EXISTS `ntsh` /*!40100 DEFAULT CHARACTER SET utf8 */ /*!80016 DEFAULT ENCRYPTION='N' */;
USE `ntsh`;
-- MySQL dump 10.13  Distrib 8.0.19, for Win64 (x86_64)
--
-- Host: localhost    Database: ntsh
-- ------------------------------------------------------
-- Server version	8.0.19

/*!40101 SET @OLD_CHARACTER_SET_CLIENT=@@CHARACTER_SET_CLIENT */;
/*!40101 SET @OLD_CHARACTER_SET_RESULTS=@@CHARACTER_SET_RESULTS */;
/*!40101 SET @OLD_COLLATION_CONNECTION=@@COLLATION_CONNECTION */;
/*!50503 SET NAMES utf8 */;
/*!40103 SET @OLD_TIME_ZONE=@@TIME_ZONE */;
/*!40103 SET TIME_ZONE='+00:00' */;
/*!40014 SET @OLD_UNIQUE_CHECKS=@@UNIQUE_CHECKS, UNIQUE_CHECKS=0 */;
/*!40014 SET @OLD_FOREIGN_KEY_CHECKS=@@FOREIGN_KEY_CHECKS, FOREIGN_KEY_CHECKS=0 */;
/*!40101 SET @OLD_SQL_MODE=@@SQL_MODE, SQL_MODE='NO_AUTO_VALUE_ON_ZERO' */;
/*!40111 SET @OLD_SQL_NOTES=@@SQL_NOTES, SQL_NOTES=0 */;

--
-- Table structure for table `account`
--

DROP TABLE IF EXISTS `account`;
/*!40101 SET @saved_cs_client     = @@character_set_client */;
/*!50503 SET character_set_client = utf8mb4 */;
CREATE TABLE `account` (
  `id` int NOT NULL AUTO_INCREMENT,
  `username` varchar(45) NOT NULL,
  `password` varchar(45) NOT NULL,
  `personnel` int NOT NULL,
  PRIMARY KEY (`id`),
  KEY `account_personnel_idx` (`personnel`),
  CONSTRAINT `account_personnel` FOREIGN KEY (`personnel`) REFERENCES `personnel` (`id`) ON DELETE CASCADE ON UPDATE CASCADE
) ENGINE=InnoDB AUTO_INCREMENT=9 DEFAULT CHARSET=utf8;
/*!40101 SET character_set_client = @saved_cs_client */;

--
-- Dumping data for table `account`
--

LOCK TABLES `account` WRITE;
/*!40000 ALTER TABLE `account` DISABLE KEYS */;
INSERT INTO `account` VALUES (0,'admin','0000',0),(1,'leader1','0000',1),(2,'rater1','0000',2),(3,'teacher1','0000',3),(4,'student1','0000',4),(5,'rater2','0000',5),(6,'rater3','0000',6),(7,'rater4','0000',7),(8,'rater5','0000',8);
/*!40000 ALTER TABLE `account` ENABLE KEYS */;
UNLOCK TABLES;

--
-- Table structure for table `class`
--

DROP TABLE IF EXISTS `class`;
/*!40101 SET @saved_cs_client     = @@character_set_client */;
/*!50503 SET character_set_client = utf8mb4 */;
CREATE TABLE `class` (
  `id` int NOT NULL AUTO_INCREMENT,
  `grade` varchar(45) NOT NULL,
  `class` varchar(45) NOT NULL,
  PRIMARY KEY (`id`)
) ENGINE=InnoDB AUTO_INCREMENT=16 DEFAULT CHARSET=utf8;
/*!40101 SET character_set_client = @saved_cs_client */;

--
-- Dumping data for table `class`
--

LOCK TABLES `class` WRITE;
/*!40000 ALTER TABLE `class` DISABLE KEYS */;
INSERT INTO `class` VALUES (1,'1','1'),(2,'1','2'),(3,'1','3'),(4,'1','4'),(5,'1','5'),(6,'2','1'),(7,'2','2'),(8,'2','3'),(9,'2','4'),(10,'2','5'),(11,'3','1'),(12,'3','2'),(13,'3','3'),(14,'3','4'),(15,'3','5');
/*!40000 ALTER TABLE `class` ENABLE KEYS */;
UNLOCK TABLES;

--
-- Table structure for table `dutyclass`
--

DROP TABLE IF EXISTS `dutyclass`;
/*!40101 SET @saved_cs_client     = @@character_set_client */;
/*!50503 SET character_set_client = utf8mb4 */;
CREATE TABLE `dutyclass` (
  `id` int NOT NULL AUTO_INCREMENT,
  `class` int NOT NULL,
  `area` int NOT NULL,
  PRIMARY KEY (`id`),
  KEY `dutyclass_class_idx` (`class`),
  KEY `dutyclass_area_idx` (`area`),
  CONSTRAINT `dutyclass_area` FOREIGN KEY (`area`) REFERENCES `ratingarea` (`id`),
  CONSTRAINT `dutyclass_class` FOREIGN KEY (`class`) REFERENCES `class` (`id`)
) ENGINE=InnoDB AUTO_INCREMENT=46 DEFAULT CHARSET=utf8;
/*!40101 SET character_set_client = @saved_cs_client */;

--
-- Dumping data for table `dutyclass`
--

LOCK TABLES `dutyclass` WRITE;
/*!40000 ALTER TABLE `dutyclass` DISABLE KEYS */;
INSERT INTO `dutyclass` VALUES (1,1,1),(2,2,2),(3,3,3),(4,4,4),(5,5,5),(6,6,6),(7,7,7),(8,8,8),(9,9,9),(10,10,10),(11,11,11),(12,12,12),(13,13,13),(14,14,14),(15,15,15),(16,1,16),(17,2,17),(18,3,18),(19,4,19),(20,5,20),(21,6,21),(22,7,22),(23,8,23),(24,9,24),(25,10,25),(26,11,26),(27,12,27),(28,13,28),(29,14,29),(30,15,30),(31,1,32),(32,2,33),(33,3,34),(34,4,35),(35,5,36),(36,6,37),(37,7,38),(38,8,39),(39,9,40),(40,10,41),(41,11,42),(42,12,43),(43,13,44),(44,14,45),(45,15,46);
/*!40000 ALTER TABLE `dutyclass` ENABLE KEYS */;
UNLOCK TABLES;

--
-- Table structure for table `dutypersonnel`
--

DROP TABLE IF EXISTS `dutypersonnel`;
/*!40101 SET @saved_cs_client     = @@character_set_client */;
/*!50503 SET character_set_client = utf8mb4 */;
CREATE TABLE `dutypersonnel` (
  `class` int NOT NULL,
  `personnel` int NOT NULL,
  `items` int DEFAULT NULL,
  PRIMARY KEY (`class`,`personnel`),
  KEY `duty_personnel_idx` (`personnel`),
  KEY `duty_items_idx` (`items`),
  CONSTRAINT `dutypersonnel_class` FOREIGN KEY (`class`) REFERENCES `class` (`id`) ON DELETE CASCADE ON UPDATE CASCADE,
  CONSTRAINT `dutypersonnel_items` FOREIGN KEY (`items`) REFERENCES `ratingitems` (`id`) ON DELETE SET NULL ON UPDATE CASCADE,
  CONSTRAINT `dutypersonnel_personnel` FOREIGN KEY (`personnel`) REFERENCES `personnel` (`id`) ON DELETE CASCADE ON UPDATE CASCADE
) ENGINE=InnoDB DEFAULT CHARSET=utf8;
/*!40101 SET character_set_client = @saved_cs_client */;

--
-- Dumping data for table `dutypersonnel`
--

LOCK TABLES `dutypersonnel` WRITE;
/*!40000 ALTER TABLE `dutypersonnel` DISABLE KEYS */;
/*!40000 ALTER TABLE `dutypersonnel` ENABLE KEYS */;
UNLOCK TABLES;

--
-- Table structure for table `permission`
--

DROP TABLE IF EXISTS `permission`;
/*!40101 SET @saved_cs_client     = @@character_set_client */;
/*!50503 SET character_set_client = utf8mb4 */;
CREATE TABLE `permission` (
  `id` int NOT NULL AUTO_INCREMENT,
  `Cpersonnel` tinyint(1) NOT NULL,
  `Rpersonnel` tinyint(1) NOT NULL,
  `Upersonnel` tinyint(1) NOT NULL,
  `Dpersonnel` tinyint(1) NOT NULL,
  `Crecord` tinyint(1) NOT NULL,
  `Rrecord` tinyint(1) NOT NULL,
  `Urecord` tinyint(1) NOT NULL,
  `Drecord` tinyint(1) NOT NULL,
  `Rstatus` tinyint(1) NOT NULL,
  `Ustatus` tinyint(1) NOT NULL,
  `Dstatus` tinyint(1) NOT NULL,
  `Cduty` tinyint(1) NOT NULL,
  `Rduty` tinyint(1) NOT NULL,
  `Uduty` tinyint(1) NOT NULL,
  `Dduty` tinyint(1) NOT NULL,
  PRIMARY KEY (`id`)
) ENGINE=InnoDB AUTO_INCREMENT=5 DEFAULT CHARSET=utf8;
/*!40101 SET character_set_client = @saved_cs_client */;

--
-- Dumping data for table `permission`
--

LOCK TABLES `permission` WRITE;
/*!40000 ALTER TABLE `permission` DISABLE KEYS */;
INSERT INTO `permission` VALUES (0,1,1,1,1,1,1,1,1,1,1,1,1,1,1,1),(1,0,1,0,0,1,1,1,1,1,1,1,0,1,0,0),(2,0,1,0,0,1,1,1,1,1,0,0,0,1,0,0),(3,0,1,0,0,0,1,0,0,4,0,0,1,1,1,1),(4,0,1,0,0,0,1,0,0,1,0,0,0,1,0,0);
/*!40000 ALTER TABLE `permission` ENABLE KEYS */;
UNLOCK TABLES;

--
-- Table structure for table `personnel`
--

DROP TABLE IF EXISTS `personnel`;
/*!40101 SET @saved_cs_client     = @@character_set_client */;
/*!50503 SET character_set_client = utf8mb4 */;
CREATE TABLE `personnel` (
  `id` int NOT NULL AUTO_INCREMENT,
  `idnum` varchar(45) NOT NULL,
  `name` varchar(45) NOT NULL,
  `role` int NOT NULL,
  `img` varchar(255) NOT NULL,
  `sex` tinyint(1) NOT NULL,
  `address` varchar(255) NOT NULL,
  `time` timestamp NOT NULL DEFAULT CURRENT_TIMESTAMP ON UPDATE CURRENT_TIMESTAMP,
  PRIMARY KEY (`id`,`idnum`),
  UNIQUE KEY `idnum_UNIQUE` (`idnum`),
  UNIQUE KEY `id_UNIQUE` (`id`),
  KEY `fk_status_idx` (`role`),
  CONSTRAINT `fk_role` FOREIGN KEY (`role`) REFERENCES `role` (`id`) ON DELETE RESTRICT ON UPDATE CASCADE
) ENGINE=InnoDB AUTO_INCREMENT=14 DEFAULT CHARSET=utf8;
/*!40101 SET character_set_client = @saved_cs_client */;

--
-- Dumping data for table `personnel`
--

LOCK TABLES `personnel` WRITE;
/*!40000 ALTER TABLE `personnel` DISABLE KEYS */;
INSERT INTO `personnel` VALUES (0,'A123456789','開發者帳號',0,'',1,'','2020-04-19 12:28:12'),(1,'B123456789','測試帳號-組長',1,'',0,'','2020-04-19 12:23:50'),(2,'C123456789','測試帳號-評分人員',2,'/img/icon-user.svg',0,'','2020-04-21 07:34:07'),(3,'D123456789','測試帳號-教師',3,'',0,'','2020-04-19 12:23:50'),(4,'E123456789','測試帳號-學生',4,'',0,'','2020-04-19 12:23:50'),(5,'F123456789','測試帳號-評分人員',2,'/img/icon-user.svg',0,' ','2020-04-21 08:25:11'),(6,'G123456789','測試帳號-評分人員',2,'/img/icon-user.svg',0,' ','2020-04-21 08:25:11'),(7,'H123456789','測試帳號-評分人員',2,'/img/icon-user.svg',0,' ','2020-04-21 08:25:11'),(8,'I123456789','測試帳號-評分人員',2,'/img/icon-user.svg',0,' ','2020-04-21 08:25:11');
/*!40000 ALTER TABLE `personnel` ENABLE KEYS */;
UNLOCK TABLES;

--
-- Table structure for table `rater`
--

DROP TABLE IF EXISTS `rater`;
/*!40101 SET @saved_cs_client     = @@character_set_client */;
/*!50503 SET character_set_client = utf8mb4 */;
CREATE TABLE `rater` (
  `id` int NOT NULL AUTO_INCREMENT,
  `personnel` int NOT NULL,
  `position` varchar(45) NOT NULL,
  PRIMARY KEY (`id`),
  KEY `rater_personnel_idx` (`personnel`),
  CONSTRAINT `rater_personnel` FOREIGN KEY (`personnel`) REFERENCES `personnel` (`id`) ON DELETE CASCADE ON UPDATE CASCADE
) ENGINE=InnoDB AUTO_INCREMENT=6 DEFAULT CHARSET=utf8;
/*!40101 SET character_set_client = @saved_cs_client */;

--
-- Dumping data for table `rater`
--

LOCK TABLES `rater` WRITE;
/*!40000 ALTER TABLE `rater` DISABLE KEYS */;
INSERT INTO `rater` VALUES (1,2,'隊長'),(2,5,'隊員'),(3,6,'隊員'),(4,7,'隊員'),(5,8,'隊員');
/*!40000 ALTER TABLE `rater` ENABLE KEYS */;
UNLOCK TABLES;

--
-- Table structure for table `ratingarea`
--

DROP TABLE IF EXISTS `ratingarea`;
/*!40101 SET @saved_cs_client     = @@character_set_client */;
/*!50503 SET character_set_client = utf8mb4 */;
CREATE TABLE `ratingarea` (
  `id` int NOT NULL AUTO_INCREMENT,
  `area` varchar(255) NOT NULL,
  `type` int NOT NULL,
  PRIMARY KEY (`id`),
  KEY `ratingarea_type_idx` (`type`),
  CONSTRAINT `ratingarea_type` FOREIGN KEY (`type`) REFERENCES `ratingtype` (`id`) ON DELETE CASCADE ON UPDATE CASCADE
) ENGINE=InnoDB AUTO_INCREMENT=47 DEFAULT CHARSET=utf8;
/*!40101 SET character_set_client = @saved_cs_client */;

--
-- Dumping data for table `ratingarea`
--

LOCK TABLES `ratingarea` WRITE;
/*!40000 ALTER TABLE `ratingarea` DISABLE KEYS */;
INSERT INTO `ratingarea` VALUES (1,'101教室',1),(2,'102教室',1),(3,'103教室',1),(4,'104教室',1),(5,'105教室',1),(6,'201教室',1),(7,'202教室',1),(8,'203教室',1),(9,'204教室',1),(10,'205教室',1),(11,'301教室',1),(12,'302教室',1),(13,'303教室',1),(14,'304教室',1),(15,'305教室',1),(16,'一樓一梯女廁',2),(17,'一樓一梯男廁',2),(18,'一樓二梯女廁',2),(19,'一樓二梯男廁',2),(20,'一樓三梯女廁',2),(21,'一樓三梯男廁',2),(22,'一樓四梯女廁',2),(23,'一樓四梯男廁',2),(24,'一樓五梯女廁',2),(25,'一樓五梯男廁',2),(26,'一樓六梯女廁',2),(27,'一樓六梯男廁',2),(28,'二樓一梯女廁',2),(29,'二樓一梯男廁',2),(30,'二樓二梯女廁',2),(31,'二樓二梯男廁',2),(32,'音樂辦公室',3),(33,'體育辦公室',3),(34,'教務處',3),(35,'人事室',3),(36,'會計室',3),(37,'學務處',3),(38,'總務處',3),(39,'圖書館',3),(40,'健康中心',3),(41,'英藝辦公室',3),(42,'自然辦公室',3),(43,'國數辦公室',3),(44,'社會辦公室',3),(45,'校長室',3),(46,'輔導室',3);
/*!40000 ALTER TABLE `ratingarea` ENABLE KEYS */;
UNLOCK TABLES;

--
-- Table structure for table `ratingitems`
--

DROP TABLE IF EXISTS `ratingitems`;
/*!40101 SET @saved_cs_client     = @@character_set_client */;
/*!50503 SET character_set_client = utf8mb4 */;
CREATE TABLE `ratingitems` (
  `id` int NOT NULL AUTO_INCREMENT,
  `type` int NOT NULL,
  `name` varchar(45) NOT NULL,
  PRIMARY KEY (`id`),
  KEY `ratingitems_idx` (`type`),
  CONSTRAINT `ratingitems_type` FOREIGN KEY (`type`) REFERENCES `ratingtype` (`id`)
) ENGINE=InnoDB AUTO_INCREMENT=29 DEFAULT CHARSET=utf8;
/*!40101 SET character_set_client = @saved_cs_client */;

--
-- Dumping data for table `ratingitems`
--

LOCK TABLES `ratingitems` WRITE;
/*!40000 ALTER TABLE `ratingitems` DISABLE KEYS */;
INSERT INTO `ratingitems` VALUES (1,1,'前走廊地板'),(2,1,'前走廊花圃'),(3,1,'前走廊門板'),(4,1,'前走廊白長椅'),(5,1,'教室內地板'),(6,1,'教室內窗戶'),(7,1,'教室內窗台'),(8,1,'教室內黑板桌'),(9,1,'教室內物櫃'),(10,1,'教室內桌椅'),(11,1,'後走廊垃圾'),(12,1,'後走廊回收'),(13,1,'後走廊廚餘'),(14,1,'後走廊地板'),(15,1,'後走廊掃具'),(16,1,'後走廊洗手台'),(17,1,'後走廊門板'),(18,2,'便池清潔'),(19,2,'茶水間清潔'),(20,2,'便池間地板'),(21,2,'廁所內地板'),(22,2,'洗手台與鏡子'),(23,2,'窗台及平台'),(24,2,'掃具間'),(25,3,'地板及窗戶'),(26,3,'垃圾桶'),(27,3,'資源回收籃'),(28,3,'廚餘桶');
/*!40000 ALTER TABLE `ratingitems` ENABLE KEYS */;
UNLOCK TABLES;

--
-- Table structure for table `ratingtype`
--

DROP TABLE IF EXISTS `ratingtype`;
/*!40101 SET @saved_cs_client     = @@character_set_client */;
/*!50503 SET character_set_client = utf8mb4 */;
CREATE TABLE `ratingtype` (
  `id` int NOT NULL AUTO_INCREMENT,
  `type` varchar(45) NOT NULL,
  PRIMARY KEY (`id`)
) ENGINE=InnoDB AUTO_INCREMENT=4 DEFAULT CHARSET=utf8;
/*!40101 SET character_set_client = @saved_cs_client */;

--
-- Dumping data for table `ratingtype`
--

LOCK TABLES `ratingtype` WRITE;
/*!40000 ALTER TABLE `ratingtype` DISABLE KEYS */;
INSERT INTO `ratingtype` VALUES (1,'教室'),(2,'廁所'),(3,'辦公室');
/*!40000 ALTER TABLE `ratingtype` ENABLE KEYS */;
UNLOCK TABLES;

--
-- Table structure for table `record`
--

DROP TABLE IF EXISTS `record`;
/*!40101 SET @saved_cs_client     = @@character_set_client */;
/*!50503 SET character_set_client = utf8mb4 */;
CREATE TABLE `record` (
  `date` date NOT NULL,
  `class` int NOT NULL,
  `items` int NOT NULL,
  `rater` int NOT NULL,
  `grade` decimal(10,2) NOT NULL,
  `detail` varchar(255) NOT NULL,
  `time` timestamp NOT NULL DEFAULT CURRENT_TIMESTAMP ON UPDATE CURRENT_TIMESTAMP,
  PRIMARY KEY (`date`,`class`,`items`),
  KEY `record_class_idx` (`rater`),
  KEY `record_item_idx` (`items`),
  KEY `record_class_idx1` (`class`),
  CONSTRAINT `record_class` FOREIGN KEY (`class`) REFERENCES `class` (`id`) ON DELETE CASCADE ON UPDATE CASCADE,
  CONSTRAINT `record_item` FOREIGN KEY (`items`) REFERENCES `ratingitems` (`id`) ON DELETE CASCADE ON UPDATE CASCADE,
  CONSTRAINT `record_rater` FOREIGN KEY (`rater`) REFERENCES `rater` (`id`) ON DELETE CASCADE ON UPDATE CASCADE
) ENGINE=InnoDB DEFAULT CHARSET=utf8;
/*!40101 SET character_set_client = @saved_cs_client */;

--
-- Dumping data for table `record`
--

LOCK TABLES `record` WRITE;
/*!40000 ALTER TABLE `record` DISABLE KEYS */;
INSERT INTO `record` VALUES ('2020-04-21',1,1,2,-5.00,'','2020-04-21 12:27:50'),('2020-04-21',1,2,2,-2.00,'','2020-04-21 12:27:50'),('2020-04-21',1,3,2,-1.00,'','2020-04-21 12:27:50'),('2020-04-21',1,4,2,1.00,'','2020-04-21 12:27:50'),('2020-04-21',1,5,2,0.00,'','2020-04-21 12:27:50'),('2020-04-21',1,6,2,-4.00,'','2020-04-21 12:27:50'),('2020-04-21',1,7,2,-2.00,'','2020-04-21 12:27:50'),('2020-04-21',1,8,2,-2.00,'','2020-04-21 12:27:50'),('2020-04-21',1,9,2,-3.00,'','2020-04-21 12:27:50'),('2020-04-21',1,10,2,1.00,'','2020-04-21 12:27:50'),('2020-04-21',1,11,2,-2.00,'','2020-04-21 12:27:50'),('2020-04-21',1,12,2,-1.00,'','2020-04-21 12:27:50'),('2020-04-21',1,13,2,0.00,'','2020-04-21 12:27:50'),('2020-04-21',1,14,2,-3.00,'','2020-04-21 12:27:50'),('2020-04-21',1,15,2,-3.00,'','2020-04-21 12:27:50'),('2020-04-21',1,16,2,-4.00,'','2020-04-21 12:27:50'),('2020-04-21',1,17,2,0.00,'','2020-04-21 12:27:50'),('2020-04-21',1,18,2,1.00,'','2020-04-21 12:29:09'),('2020-04-21',1,19,2,6.00,'','2020-04-21 12:29:09'),('2020-04-21',1,20,2,2.00,'','2020-04-21 12:29:09'),('2020-04-21',1,21,2,6.00,'','2020-04-21 12:29:09'),('2020-04-21',1,22,2,4.00,'','2020-04-21 12:29:09'),('2020-04-21',1,23,2,-6.00,'','2020-04-21 12:29:09'),('2020-04-21',1,24,2,1.00,'','2020-04-21 12:29:09'),('2020-04-21',1,25,2,-2.00,'','2020-04-21 12:32:56'),('2020-04-21',1,26,2,2.00,'','2020-04-21 12:32:57'),('2020-04-21',1,27,2,1.00,'','2020-04-21 12:32:57'),('2020-04-21',1,28,2,3.00,'','2020-04-21 12:32:57'),('2020-04-21',2,1,2,1.00,'','2020-04-21 12:27:50'),('2020-04-21',2,2,2,-1.00,'','2020-04-21 12:27:50'),('2020-04-21',2,3,2,0.00,'','2020-04-21 12:27:50'),('2020-04-21',2,4,2,-2.00,'','2020-04-21 12:27:50'),('2020-04-21',2,5,2,-2.00,'','2020-04-21 12:27:50'),('2020-04-21',2,6,2,0.00,'','2020-04-21 12:27:50'),('2020-04-21',2,7,2,0.00,'','2020-04-21 12:27:50'),('2020-04-21',2,8,2,0.00,'','2020-04-21 12:27:50'),('2020-04-21',2,9,2,-5.00,'','2020-04-21 12:27:50'),('2020-04-21',2,10,2,0.00,'','2020-04-21 12:27:50'),('2020-04-21',2,11,2,-2.00,'','2020-04-21 12:27:50'),('2020-04-21',2,12,2,-1.00,'','2020-04-21 12:27:50'),('2020-04-21',2,13,2,-5.00,'','2020-04-21 12:27:50'),('2020-04-21',2,14,2,-4.00,'','2020-04-21 12:27:50'),('2020-04-21',2,15,2,-4.00,'','2020-04-21 12:27:50'),('2020-04-21',2,16,2,-5.00,'','2020-04-21 12:27:50'),('2020-04-21',2,17,2,-1.00,'','2020-04-21 12:27:50'),('2020-04-21',2,18,2,-1.00,'','2020-04-21 12:29:09'),('2020-04-21',2,19,2,5.00,'','2020-04-21 12:29:09'),('2020-04-21',2,20,2,6.00,'','2020-04-21 12:29:09'),('2020-04-21',2,21,2,-2.00,'','2020-04-21 12:29:09'),('2020-04-21',2,22,2,-6.00,'','2020-04-21 12:29:09'),('2020-04-21',2,23,2,7.00,'','2020-04-21 12:29:09'),('2020-04-21',2,24,2,6.00,'','2020-04-21 12:29:09'),('2020-04-21',2,25,2,-4.00,'','2020-04-21 12:32:57'),('2020-04-21',2,26,2,3.00,'','2020-04-21 12:32:57'),('2020-04-21',2,27,2,-3.00,'','2020-04-21 12:32:57'),('2020-04-21',2,28,2,-1.00,'','2020-04-21 12:32:57'),('2020-04-21',3,1,2,-5.00,'','2020-04-21 12:27:50'),('2020-04-21',3,2,2,1.00,'','2020-04-21 12:27:50'),('2020-04-21',3,3,2,-3.00,'','2020-04-21 12:27:50'),('2020-04-21',3,4,2,-5.00,'','2020-04-21 12:27:50'),('2020-04-21',3,5,2,-3.00,'','2020-04-21 12:27:50'),('2020-04-21',3,6,2,0.00,'','2020-04-21 12:27:50'),('2020-04-21',3,7,2,-2.00,'','2020-04-21 12:27:50'),('2020-04-21',3,8,2,-2.00,'','2020-04-21 12:27:50'),('2020-04-21',3,9,2,-5.00,'','2020-04-21 12:27:50'),('2020-04-21',3,10,2,1.00,'','2020-04-21 12:27:50'),('2020-04-21',3,11,2,-4.00,'','2020-04-21 12:27:50'),('2020-04-21',3,12,2,-3.00,'','2020-04-21 12:27:50'),('2020-04-21',3,13,2,-5.00,'','2020-04-21 12:27:50'),('2020-04-21',3,14,2,-4.00,'','2020-04-21 12:27:50'),('2020-04-21',3,15,2,-2.00,'','2020-04-21 12:27:50'),('2020-04-21',3,16,2,-5.00,'','2020-04-21 12:27:50'),('2020-04-21',3,17,2,-5.00,'','2020-04-21 12:27:50'),('2020-04-21',3,18,2,-3.00,'','2020-04-21 12:29:09'),('2020-04-21',3,19,2,-6.00,'','2020-04-21 12:29:09'),('2020-04-21',3,20,2,-7.00,'','2020-04-21 12:29:09'),('2020-04-21',3,21,2,4.00,'','2020-04-21 12:29:09'),('2020-04-21',3,22,2,-7.00,'','2020-04-21 12:29:09'),('2020-04-21',3,23,2,-6.00,'','2020-04-21 12:29:09'),('2020-04-21',3,24,2,-4.00,'','2020-04-21 12:29:09'),('2020-04-21',3,25,2,-4.00,'','2020-04-21 12:32:57'),('2020-04-21',3,26,2,-6.00,'','2020-04-21 12:32:57'),('2020-04-21',3,27,2,3.00,'','2020-04-21 12:32:57'),('2020-04-21',3,28,2,1.00,'','2020-04-21 12:32:57'),('2020-04-21',4,1,2,1.00,'','2020-04-21 12:27:50'),('2020-04-21',4,2,2,1.00,'','2020-04-21 12:27:50'),('2020-04-21',4,3,2,-5.00,'','2020-04-21 12:27:50'),('2020-04-21',4,4,2,-1.00,'','2020-04-21 12:27:51'),('2020-04-21',4,5,2,-5.00,'','2020-04-21 12:27:51'),('2020-04-21',4,6,2,-5.00,'','2020-04-21 12:27:51'),('2020-04-21',4,7,2,-3.00,'','2020-04-21 12:27:51'),('2020-04-21',4,8,2,1.00,'','2020-04-21 12:27:51'),('2020-04-21',4,9,2,1.00,'','2020-04-21 12:27:51'),('2020-04-21',4,10,2,-4.00,'','2020-04-21 12:27:51'),('2020-04-21',4,11,2,-5.00,'','2020-04-21 12:27:51'),('2020-04-21',4,12,2,-3.00,'','2020-04-21 12:27:51'),('2020-04-21',4,13,2,-3.00,'','2020-04-21 12:27:51'),('2020-04-21',4,14,2,-2.00,'','2020-04-21 12:27:51'),('2020-04-21',4,15,2,-5.00,'','2020-04-21 12:27:51'),('2020-04-21',4,16,2,-2.00,'','2020-04-21 12:27:51'),('2020-04-21',4,17,2,-5.00,'','2020-04-21 12:27:51'),('2020-04-21',4,18,2,-6.00,'','2020-04-21 12:29:09'),('2020-04-21',4,19,2,-2.00,'','2020-04-21 12:29:09'),('2020-04-21',4,20,2,2.00,'','2020-04-21 12:29:09'),('2020-04-21',4,21,2,-3.00,'','2020-04-21 12:29:09'),('2020-04-21',4,22,2,-2.00,'','2020-04-21 12:29:09'),('2020-04-21',4,23,2,-6.00,'','2020-04-21 12:29:09'),('2020-04-21',4,24,2,1.00,'','2020-04-21 12:29:09'),('2020-04-21',4,25,2,-6.00,'','2020-04-21 12:32:57'),('2020-04-21',4,26,2,5.00,'','2020-04-21 12:32:57'),('2020-04-21',4,27,2,4.00,'','2020-04-21 12:32:57'),('2020-04-21',4,28,2,7.00,'','2020-04-21 12:32:57'),('2020-04-21',5,1,2,-5.00,'','2020-04-21 12:27:51'),('2020-04-21',5,2,2,-4.00,'','2020-04-21 12:27:51'),('2020-04-21',5,3,2,-1.00,'','2020-04-21 12:27:51'),('2020-04-21',5,4,2,-1.00,'','2020-04-21 12:27:51'),('2020-04-21',5,5,2,-5.00,'','2020-04-21 12:27:51'),('2020-04-21',5,6,2,0.00,'','2020-04-21 12:27:51'),('2020-04-21',5,7,2,-5.00,'','2020-04-21 12:27:51'),('2020-04-21',5,8,2,-4.00,'','2020-04-21 12:27:51'),('2020-04-21',5,9,2,-1.00,'','2020-04-21 12:27:51'),('2020-04-21',5,10,2,0.00,'','2020-04-21 12:27:51'),('2020-04-21',5,11,2,0.00,'','2020-04-21 12:27:51'),('2020-04-21',5,12,2,1.00,'','2020-04-21 12:27:51'),('2020-04-21',5,13,2,-3.00,'','2020-04-21 12:27:51'),('2020-04-21',5,14,2,-4.00,'','2020-04-21 12:27:51'),('2020-04-21',5,15,2,-3.00,'','2020-04-21 12:27:51'),('2020-04-21',5,16,2,-2.00,'','2020-04-21 12:27:51'),('2020-04-21',5,17,2,-3.00,'','2020-04-21 12:27:51'),('2020-04-21',5,18,2,3.00,'','2020-04-21 12:29:09'),('2020-04-21',5,19,2,5.00,'','2020-04-21 12:29:09'),('2020-04-21',5,20,2,-1.00,'','2020-04-21 12:29:09'),('2020-04-21',5,21,2,-6.00,'','2020-04-21 12:29:09'),('2020-04-21',5,22,2,-3.00,'','2020-04-21 12:29:09'),('2020-04-21',5,23,2,-4.00,'','2020-04-21 12:29:09'),('2020-04-21',5,24,2,3.00,'','2020-04-21 12:29:09'),('2020-04-21',5,25,2,-3.00,'','2020-04-21 12:32:57'),('2020-04-21',5,26,2,-4.00,'','2020-04-21 12:32:57'),('2020-04-21',5,27,2,8.00,'','2020-04-21 12:32:57'),('2020-04-21',5,28,2,8.00,'','2020-04-21 12:32:57'),('2020-04-21',6,1,2,-3.00,'','2020-04-21 12:27:51'),('2020-04-21',6,2,2,0.00,'','2020-04-21 12:27:51'),('2020-04-21',6,3,2,-5.00,'','2020-04-21 12:27:51'),('2020-04-21',6,4,2,-2.00,'','2020-04-21 12:27:51'),('2020-04-21',6,5,2,-2.00,'','2020-04-21 12:27:51'),('2020-04-21',6,6,2,-5.00,'','2020-04-21 12:27:51'),('2020-04-21',6,7,2,-3.00,'','2020-04-21 12:27:51'),('2020-04-21',6,8,2,-3.00,'','2020-04-21 12:27:51'),('2020-04-21',6,9,2,-5.00,'','2020-04-21 12:27:51'),('2020-04-21',6,10,2,-3.00,'','2020-04-21 12:27:51'),('2020-04-21',6,11,2,-4.00,'','2020-04-21 12:27:51'),('2020-04-21',6,12,2,-5.00,'','2020-04-21 12:27:51'),('2020-04-21',6,13,2,-2.00,'','2020-04-21 12:27:51'),('2020-04-21',6,14,2,-3.00,'','2020-04-21 12:27:51'),('2020-04-21',6,15,2,-5.00,'','2020-04-21 12:27:51'),('2020-04-21',6,16,2,1.00,'','2020-04-21 12:27:51'),('2020-04-21',6,17,2,-2.00,'','2020-04-21 12:27:51'),('2020-04-21',6,18,2,3.00,'','2020-04-21 12:29:09'),('2020-04-21',6,19,2,-1.00,'','2020-04-21 12:29:09'),('2020-04-21',6,20,2,2.00,'','2020-04-21 12:29:09'),('2020-04-21',6,21,2,-7.00,'','2020-04-21 12:29:09'),('2020-04-21',6,22,2,-6.00,'','2020-04-21 12:29:09'),('2020-04-21',6,23,2,-4.00,'','2020-04-21 12:29:09'),('2020-04-21',6,24,2,6.00,'','2020-04-21 12:29:09'),('2020-04-21',6,25,2,-1.00,'','2020-04-21 12:32:57'),('2020-04-21',6,26,2,5.00,'','2020-04-21 12:32:57'),('2020-04-21',6,27,2,3.00,'','2020-04-21 12:32:57'),('2020-04-21',6,28,2,-5.00,'','2020-04-21 12:32:57'),('2020-04-21',7,1,2,1.00,'','2020-04-21 12:27:51'),('2020-04-21',7,2,2,-3.00,'','2020-04-21 12:27:51'),('2020-04-21',7,3,2,-5.00,'','2020-04-21 12:27:51'),('2020-04-21',7,4,2,-2.00,'','2020-04-21 12:27:51'),('2020-04-21',7,5,2,-4.00,'','2020-04-21 12:27:51'),('2020-04-21',7,6,2,-2.00,'','2020-04-21 12:27:51'),('2020-04-21',7,7,2,-5.00,'','2020-04-21 12:27:51'),('2020-04-21',7,8,2,-3.00,'','2020-04-21 12:27:51'),('2020-04-21',7,9,2,-1.00,'','2020-04-21 12:27:51'),('2020-04-21',7,10,2,-4.00,'','2020-04-21 12:27:51'),('2020-04-21',7,11,2,-5.00,'','2020-04-21 12:27:51'),('2020-04-21',7,12,2,-3.00,'','2020-04-21 12:27:51'),('2020-04-21',7,13,2,-5.00,'','2020-04-21 12:27:51'),('2020-04-21',7,14,2,1.00,'','2020-04-21 12:27:51'),('2020-04-21',7,15,2,-5.00,'','2020-04-21 12:27:51'),('2020-04-21',7,16,2,1.00,'','2020-04-21 12:27:51'),('2020-04-21',7,17,2,1.00,'','2020-04-21 12:27:51'),('2020-04-21',7,18,2,-4.00,'','2020-04-21 12:29:09'),('2020-04-21',7,19,2,5.00,'','2020-04-21 12:29:09'),('2020-04-21',7,20,2,3.00,'','2020-04-21 12:29:09'),('2020-04-21',7,21,2,-2.00,'','2020-04-21 12:29:09'),('2020-04-21',7,22,2,0.00,'','2020-04-21 12:29:09'),('2020-04-21',7,23,2,5.00,'','2020-04-21 12:29:09'),('2020-04-21',7,24,2,2.00,'','2020-04-21 12:29:09'),('2020-04-21',7,25,2,-2.00,'','2020-04-21 12:32:57'),('2020-04-21',7,26,2,3.00,'','2020-04-21 12:32:57'),('2020-04-21',7,27,2,7.00,'','2020-04-21 12:32:57'),('2020-04-21',7,28,2,6.00,'','2020-04-21 12:32:57'),('2020-04-21',8,1,2,-3.00,'','2020-04-21 12:27:51'),('2020-04-21',8,2,2,1.00,'','2020-04-21 12:27:51'),('2020-04-21',8,3,2,-3.00,'','2020-04-21 12:27:51'),('2020-04-21',8,4,2,-4.00,'','2020-04-21 12:27:51'),('2020-04-21',8,5,2,-2.00,'','2020-04-21 12:27:51'),('2020-04-21',8,6,2,1.00,'','2020-04-21 12:27:51'),('2020-04-21',8,7,2,-2.00,'','2020-04-21 12:27:51'),('2020-04-21',8,8,2,-3.00,'','2020-04-21 12:27:51'),('2020-04-21',8,9,2,-5.00,'','2020-04-21 12:27:51'),('2020-04-21',8,10,2,-5.00,'','2020-04-21 12:27:51'),('2020-04-21',8,11,2,0.00,'','2020-04-21 12:27:51'),('2020-04-21',8,12,2,-1.00,'','2020-04-21 12:27:51'),('2020-04-21',8,13,2,-1.00,'','2020-04-21 12:27:51'),('2020-04-21',8,14,2,-3.00,'','2020-04-21 12:27:51'),('2020-04-21',8,15,2,0.00,'','2020-04-21 12:27:51'),('2020-04-21',8,16,2,-5.00,'','2020-04-21 12:27:51'),('2020-04-21',8,17,2,-2.00,'','2020-04-21 12:27:51'),('2020-04-21',8,18,2,3.00,'','2020-04-21 12:29:09'),('2020-04-21',8,19,2,2.00,'','2020-04-21 12:29:09'),('2020-04-21',8,20,2,7.00,'','2020-04-21 12:29:09'),('2020-04-21',8,21,2,4.00,'','2020-04-21 12:29:09'),('2020-04-21',8,22,2,-5.00,'','2020-04-21 12:29:09'),('2020-04-21',8,23,2,-4.00,'','2020-04-21 12:29:09'),('2020-04-21',8,24,2,-5.00,'','2020-04-21 12:29:09'),('2020-04-21',8,25,2,3.00,'','2020-04-21 12:32:57'),('2020-04-21',8,26,2,-2.00,'','2020-04-21 12:32:57'),('2020-04-21',8,27,2,-6.00,'','2020-04-21 12:32:57'),('2020-04-21',8,28,2,-6.00,'','2020-04-21 12:32:57'),('2020-04-21',9,1,2,-2.00,'','2020-04-21 12:27:51'),('2020-04-21',9,2,2,-4.00,'','2020-04-21 12:27:51'),('2020-04-21',9,3,2,-5.00,'','2020-04-21 12:27:51'),('2020-04-21',9,4,2,-3.00,'','2020-04-21 12:27:51'),('2020-04-21',9,5,2,-2.00,'','2020-04-21 12:27:51'),('2020-04-21',9,6,2,-5.00,'','2020-04-21 12:27:51'),('2020-04-21',9,7,2,-3.00,'','2020-04-21 12:27:51'),('2020-04-21',9,8,2,1.00,'','2020-04-21 12:27:51'),('2020-04-21',9,9,2,0.00,'','2020-04-21 12:27:51'),('2020-04-21',9,10,2,-4.00,'','2020-04-21 12:27:51'),('2020-04-21',9,11,2,-1.00,'','2020-04-21 12:27:51'),('2020-04-21',9,12,2,-2.00,'','2020-04-21 12:27:51'),('2020-04-21',9,13,2,-4.00,'','2020-04-21 12:27:51'),('2020-04-21',9,14,2,1.00,'','2020-04-21 12:27:51'),('2020-04-21',9,15,2,-1.00,'','2020-04-21 12:27:51'),('2020-04-21',9,16,2,-2.00,'','2020-04-21 12:27:51'),('2020-04-21',9,17,2,-2.00,'','2020-04-21 12:27:51'),('2020-04-21',9,18,2,-3.00,'','2020-04-21 12:29:09'),('2020-04-21',9,19,2,3.00,'','2020-04-21 12:29:09'),('2020-04-21',9,20,2,-1.00,'','2020-04-21 12:29:09'),('2020-04-21',9,21,2,4.00,'','2020-04-21 12:29:09'),('2020-04-21',9,22,2,4.00,'','2020-04-21 12:29:09'),('2020-04-21',9,23,2,7.00,'','2020-04-21 12:29:09'),('2020-04-21',9,24,2,-2.00,'','2020-04-21 12:29:09'),('2020-04-21',9,25,2,1.00,'','2020-04-21 12:32:57'),('2020-04-21',9,26,2,-7.00,'','2020-04-21 12:32:57'),('2020-04-21',9,27,2,-6.00,'','2020-04-21 12:32:57'),('2020-04-21',9,28,2,-2.00,'','2020-04-21 12:32:57'),('2020-04-21',10,1,2,-3.00,'','2020-04-21 12:27:51'),('2020-04-21',10,2,2,-5.00,'','2020-04-21 12:27:51'),('2020-04-21',10,3,2,-5.00,'','2020-04-21 12:27:51'),('2020-04-21',10,4,2,-2.00,'','2020-04-21 12:27:51'),('2020-04-21',10,5,2,-3.00,'','2020-04-21 12:27:51'),('2020-04-21',10,6,2,-2.00,'','2020-04-21 12:27:51'),('2020-04-21',10,7,2,-5.00,'','2020-04-21 12:27:51'),('2020-04-21',10,8,2,-1.00,'','2020-04-21 12:27:51'),('2020-04-21',10,9,2,-5.00,'','2020-04-21 12:27:51'),('2020-04-21',10,10,2,-2.00,'','2020-04-21 12:27:51'),('2020-04-21',10,11,2,-2.00,'','2020-04-21 12:27:51'),('2020-04-21',10,12,2,-2.00,'','2020-04-21 12:27:51'),('2020-04-21',10,13,2,1.00,'','2020-04-21 12:27:51'),('2020-04-21',10,14,2,-3.00,'','2020-04-21 12:27:51'),('2020-04-21',10,15,2,-2.00,'','2020-04-21 12:27:51'),('2020-04-21',10,16,2,-3.00,'','2020-04-21 12:27:51'),('2020-04-21',10,17,2,-5.00,'','2020-04-21 12:27:51'),('2020-04-21',10,18,2,-1.00,'','2020-04-21 12:29:09'),('2020-04-21',10,19,2,-5.00,'','2020-04-21 12:29:09'),('2020-04-21',10,20,2,-2.00,'','2020-04-21 12:29:09'),('2020-04-21',10,21,2,2.00,'','2020-04-21 12:29:09'),('2020-04-21',10,22,2,6.00,'','2020-04-21 12:29:09'),('2020-04-21',10,23,2,1.00,'','2020-04-21 12:29:09'),('2020-04-21',10,24,2,-5.00,'','2020-04-21 12:29:09'),('2020-04-21',10,25,2,0.00,'','2020-04-21 12:32:57'),('2020-04-21',10,26,2,0.00,'','2020-04-21 12:32:57'),('2020-04-21',10,27,2,-2.00,'','2020-04-21 12:32:57'),('2020-04-21',10,28,2,8.00,'','2020-04-21 12:32:57'),('2020-04-21',11,1,2,1.00,'','2020-04-21 12:27:51'),('2020-04-21',11,2,2,-5.00,'','2020-04-21 12:27:51'),('2020-04-21',11,3,2,-2.00,'','2020-04-21 12:27:51'),('2020-04-21',11,4,2,-5.00,'','2020-04-21 12:27:51'),('2020-04-21',11,5,2,-5.00,'','2020-04-21 12:27:51'),('2020-04-21',11,6,2,-1.00,'','2020-04-21 12:27:51'),('2020-04-21',11,7,2,1.00,'','2020-04-21 12:27:51'),('2020-04-21',11,8,2,-1.00,'','2020-04-21 12:27:51'),('2020-04-21',11,9,2,-1.00,'','2020-04-21 12:27:51'),('2020-04-21',11,10,2,-1.00,'','2020-04-21 12:27:51'),('2020-04-21',11,11,2,1.00,'','2020-04-21 12:27:51'),('2020-04-21',11,12,2,1.00,'','2020-04-21 12:27:51'),('2020-04-21',11,13,2,0.00,'','2020-04-21 12:27:51'),('2020-04-21',11,14,2,-1.00,'','2020-04-21 12:27:51'),('2020-04-21',11,15,2,-4.00,'','2020-04-21 12:27:51'),('2020-04-21',11,16,2,1.00,'','2020-04-21 12:27:51'),('2020-04-21',11,17,2,-5.00,'','2020-04-21 12:27:51'),('2020-04-21',11,18,2,6.00,'','2020-04-21 12:29:09'),('2020-04-21',11,19,2,1.00,'','2020-04-21 12:29:09'),('2020-04-21',11,20,2,5.00,'','2020-04-21 12:29:09'),('2020-04-21',11,21,2,5.00,'','2020-04-21 12:29:09'),('2020-04-21',11,22,2,-7.00,'','2020-04-21 12:29:09'),('2020-04-21',11,23,2,-7.00,'','2020-04-21 12:29:09'),('2020-04-21',11,24,2,4.00,'','2020-04-21 12:29:09'),('2020-04-21',11,25,2,-6.00,'','2020-04-21 12:32:57'),('2020-04-21',11,26,2,0.00,'','2020-04-21 12:32:57'),('2020-04-21',11,27,2,-2.00,'','2020-04-21 12:32:57'),('2020-04-21',11,28,2,3.00,'','2020-04-21 12:32:57'),('2020-04-21',12,1,2,0.00,'','2020-04-21 12:27:51'),('2020-04-21',12,2,2,-1.00,'','2020-04-21 12:27:51'),('2020-04-21',12,3,2,-1.00,'','2020-04-21 12:27:51'),('2020-04-21',12,4,2,-3.00,'','2020-04-21 12:27:51'),('2020-04-21',12,5,2,0.00,'','2020-04-21 12:27:51'),('2020-04-21',12,6,2,-2.00,'','2020-04-21 12:27:51'),('2020-04-21',12,7,2,-5.00,'','2020-04-21 12:27:51'),('2020-04-21',12,8,2,-4.00,'','2020-04-21 12:27:51'),('2020-04-21',12,9,2,-2.00,'','2020-04-21 12:27:51'),('2020-04-21',12,10,2,-4.00,'','2020-04-21 12:27:51'),('2020-04-21',12,11,2,-4.00,'','2020-04-21 12:27:51'),('2020-04-21',12,12,2,-1.00,'','2020-04-21 12:27:51'),('2020-04-21',12,13,2,-1.00,'','2020-04-21 12:27:51'),('2020-04-21',12,14,2,-1.00,'','2020-04-21 12:27:51'),('2020-04-21',12,15,2,0.00,'','2020-04-21 12:27:51'),('2020-04-21',12,16,2,0.00,'','2020-04-21 12:27:51'),('2020-04-21',12,17,2,-2.00,'','2020-04-21 12:27:51'),('2020-04-21',12,18,2,2.00,'','2020-04-21 12:29:09'),('2020-04-21',12,19,2,5.00,'','2020-04-21 12:29:09'),('2020-04-21',12,20,2,-2.00,'','2020-04-21 12:29:09'),('2020-04-21',12,21,2,-4.00,'','2020-04-21 12:29:09'),('2020-04-21',12,22,2,0.00,'','2020-04-21 12:29:09'),('2020-04-21',12,23,2,1.00,'','2020-04-21 12:29:09'),('2020-04-21',12,24,2,5.00,'','2020-04-21 12:29:09'),('2020-04-21',12,25,2,5.00,'','2020-04-21 12:32:57'),('2020-04-21',12,26,2,-4.00,'','2020-04-21 12:32:57'),('2020-04-21',12,27,2,6.00,'','2020-04-21 12:32:57'),('2020-04-21',12,28,2,-2.00,'','2020-04-21 12:32:57'),('2020-04-21',13,1,2,-4.00,'','2020-04-21 12:27:51'),('2020-04-21',13,2,2,0.00,'','2020-04-21 12:27:51'),('2020-04-21',13,3,2,0.00,'','2020-04-21 12:27:51'),('2020-04-21',13,4,2,-2.00,'','2020-04-21 12:27:51'),('2020-04-21',13,5,2,-1.00,'','2020-04-21 12:27:51'),('2020-04-21',13,6,2,1.00,'','2020-04-21 12:27:51'),('2020-04-21',13,7,2,-5.00,'','2020-04-21 12:27:51'),('2020-04-21',13,8,2,-4.00,'','2020-04-21 12:27:51'),('2020-04-21',13,9,2,-2.00,'','2020-04-21 12:27:51'),('2020-04-21',13,10,2,-5.00,'','2020-04-21 12:27:51'),('2020-04-21',13,11,2,-2.00,'','2020-04-21 12:27:51'),('2020-04-21',13,12,2,-3.00,'','2020-04-21 12:27:51'),('2020-04-21',13,13,2,-2.00,'','2020-04-21 12:27:51'),('2020-04-21',13,14,2,-5.00,'','2020-04-21 12:27:51'),('2020-04-21',13,15,2,-4.00,'','2020-04-21 12:27:51'),('2020-04-21',13,16,2,-1.00,'','2020-04-21 12:27:51'),('2020-04-21',13,17,2,1.00,'','2020-04-21 12:27:51'),('2020-04-21',13,18,2,-6.00,'','2020-04-21 12:29:09'),('2020-04-21',13,19,2,7.00,'','2020-04-21 12:29:09'),('2020-04-21',13,20,2,-2.00,'','2020-04-21 12:29:09'),('2020-04-21',13,21,2,3.00,'','2020-04-21 12:29:09'),('2020-04-21',13,22,2,7.00,'','2020-04-21 12:29:09'),('2020-04-21',13,23,2,-5.00,'','2020-04-21 12:29:09'),('2020-04-21',13,24,2,3.00,'','2020-04-21 12:29:09'),('2020-04-21',13,25,2,3.00,'','2020-04-21 12:32:57'),('2020-04-21',13,26,2,-4.00,'','2020-04-21 12:32:57'),('2020-04-21',13,27,2,6.00,'','2020-04-21 12:32:57'),('2020-04-21',13,28,2,1.00,'','2020-04-21 12:32:57'),('2020-04-21',14,1,2,0.00,'','2020-04-21 12:27:51'),('2020-04-21',14,2,2,-4.00,'','2020-04-21 12:27:51'),('2020-04-21',14,3,2,-3.00,'','2020-04-21 12:27:51'),('2020-04-21',14,4,2,-4.00,'','2020-04-21 12:27:51'),('2020-04-21',14,5,2,-1.00,'','2020-04-21 12:27:51'),('2020-04-21',14,6,2,1.00,'','2020-04-21 12:27:51'),('2020-04-21',14,7,2,-4.00,'','2020-04-21 12:27:51'),('2020-04-21',14,8,2,-3.00,'','2020-04-21 12:27:51'),('2020-04-21',14,9,2,0.00,'','2020-04-21 12:27:51'),('2020-04-21',14,10,2,-3.00,'','2020-04-21 12:27:51'),('2020-04-21',14,11,2,0.00,'','2020-04-21 12:27:51'),('2020-04-21',14,12,2,0.00,'','2020-04-21 12:27:51'),('2020-04-21',14,13,2,-3.00,'','2020-04-21 12:27:51'),('2020-04-21',14,14,2,-4.00,'','2020-04-21 12:27:51'),('2020-04-21',14,15,2,-1.00,'','2020-04-21 12:27:51'),('2020-04-21',14,16,2,1.00,'','2020-04-21 12:27:51'),('2020-04-21',14,17,2,-4.00,'','2020-04-21 12:27:51'),('2020-04-21',14,18,2,-4.00,'','2020-04-21 12:29:09'),('2020-04-21',14,19,2,5.00,'','2020-04-21 12:29:09'),('2020-04-21',14,20,2,3.00,'','2020-04-21 12:29:09'),('2020-04-21',14,21,2,2.00,'','2020-04-21 12:29:09'),('2020-04-21',14,22,2,-3.00,'','2020-04-21 12:29:09'),('2020-04-21',14,23,2,-7.00,'','2020-04-21 12:29:09'),('2020-04-21',14,24,2,-5.00,'','2020-04-21 12:29:09'),('2020-04-21',14,25,2,6.00,'','2020-04-21 12:32:57'),('2020-04-21',14,26,2,-7.00,'','2020-04-21 12:32:57'),('2020-04-21',14,27,2,-2.00,'','2020-04-21 12:32:57'),('2020-04-21',14,28,2,6.00,'','2020-04-21 12:32:57'),('2020-04-21',15,1,2,-4.00,'','2020-04-21 12:27:51'),('2020-04-21',15,2,2,-5.00,'','2020-04-21 12:27:51'),('2020-04-21',15,3,2,-4.00,'','2020-04-21 12:27:51'),('2020-04-21',15,4,2,-3.00,'','2020-04-21 12:27:51'),('2020-04-21',15,5,2,0.00,'','2020-04-21 12:27:51'),('2020-04-21',15,6,2,-3.00,'','2020-04-21 12:27:51'),('2020-04-21',15,7,2,-4.00,'','2020-04-21 12:27:51'),('2020-04-21',15,8,2,-2.00,'','2020-04-21 12:27:51'),('2020-04-21',15,9,2,0.00,'','2020-04-21 12:27:51'),('2020-04-21',15,10,2,-3.00,'','2020-04-21 12:27:51'),('2020-04-21',15,11,2,-2.00,'','2020-04-21 12:27:51'),('2020-04-21',15,12,2,-2.00,'','2020-04-21 12:27:51'),('2020-04-21',15,13,2,1.00,'','2020-04-21 12:27:51'),('2020-04-21',15,14,2,1.00,'','2020-04-21 12:27:51'),('2020-04-21',15,15,2,-2.00,'','2020-04-21 12:27:51'),('2020-04-21',15,16,2,-3.00,'','2020-04-21 12:27:51'),('2020-04-21',15,17,2,-5.00,'','2020-04-21 12:27:51'),('2020-04-21',15,18,2,3.00,'','2020-04-21 12:29:09'),('2020-04-21',15,19,2,2.00,'','2020-04-21 12:29:09'),('2020-04-21',15,20,2,3.00,'','2020-04-21 12:29:09'),('2020-04-21',15,21,2,-2.00,'','2020-04-21 12:29:09'),('2020-04-21',15,22,2,-1.00,'','2020-04-21 12:29:09'),('2020-04-21',15,23,2,-2.00,'','2020-04-21 12:29:09'),('2020-04-21',15,24,2,-3.00,'','2020-04-21 12:29:09'),('2020-04-21',15,25,2,8.00,'','2020-04-21 12:32:57'),('2020-04-21',15,26,2,7.00,'','2020-04-21 12:32:57'),('2020-04-21',15,27,2,-7.00,'','2020-04-21 12:32:57'),('2020-04-21',15,28,2,5.00,'','2020-04-21 12:32:57');
/*!40000 ALTER TABLE `record` ENABLE KEYS */;
UNLOCK TABLES;

--
-- Table structure for table `role`
--

DROP TABLE IF EXISTS `role`;
/*!40101 SET @saved_cs_client     = @@character_set_client */;
/*!50503 SET character_set_client = utf8mb4 */;
CREATE TABLE `role` (
  `id` int NOT NULL AUTO_INCREMENT,
  `role` varchar(45) NOT NULL,
  `permission` int NOT NULL,
  PRIMARY KEY (`id`),
  KEY `role_permission_idx` (`permission`)
) ENGINE=InnoDB AUTO_INCREMENT=6 DEFAULT CHARSET=utf8;
/*!40101 SET character_set_client = @saved_cs_client */;

--
-- Dumping data for table `role`
--

LOCK TABLES `role` WRITE;
/*!40000 ALTER TABLE `role` DISABLE KEYS */;
INSERT INTO `role` VALUES (0,'開發人員',0),(1,'衛生組長',1),(2,'評分人員',2),(3,'教師',3),(4,'學生',4);
/*!40000 ALTER TABLE `role` ENABLE KEYS */;
UNLOCK TABLES;

--
-- Table structure for table `student`
--

DROP TABLE IF EXISTS `student`;
/*!40101 SET @saved_cs_client     = @@character_set_client */;
/*!50503 SET character_set_client = utf8mb4 */;
CREATE TABLE `student` (
  `id` int NOT NULL AUTO_INCREMENT,
  `personnel` int NOT NULL,
  `class` int NOT NULL,
  PRIMARY KEY (`id`),
  KEY `fk_personnel_idx` (`personnel`),
  KEY `fk_class_idx` (`class`),
  CONSTRAINT `student_class` FOREIGN KEY (`class`) REFERENCES `class` (`id`) ON DELETE CASCADE ON UPDATE CASCADE,
  CONSTRAINT `student_personnel` FOREIGN KEY (`personnel`) REFERENCES `personnel` (`id`) ON DELETE CASCADE ON UPDATE CASCADE
) ENGINE=InnoDB AUTO_INCREMENT=2 DEFAULT CHARSET=utf8;
/*!40101 SET character_set_client = @saved_cs_client */;

--
-- Dumping data for table `student`
--

LOCK TABLES `student` WRITE;
/*!40000 ALTER TABLE `student` DISABLE KEYS */;
INSERT INTO `student` VALUES (1,3,1);
/*!40000 ALTER TABLE `student` ENABLE KEYS */;
UNLOCK TABLES;

--
-- Table structure for table `teacher`
--

DROP TABLE IF EXISTS `teacher`;
/*!40101 SET @saved_cs_client     = @@character_set_client */;
/*!50503 SET character_set_client = utf8mb4 */;
CREATE TABLE `teacher` (
  `id` int NOT NULL AUTO_INCREMENT,
  `personnel` int NOT NULL,
  `class` int NOT NULL,
  PRIMARY KEY (`id`),
  KEY `fk_personnel_idx` (`personnel`),
  KEY `fk_class_idx` (`class`),
  CONSTRAINT `teacher_class` FOREIGN KEY (`class`) REFERENCES `class` (`id`) ON DELETE CASCADE ON UPDATE CASCADE,
  CONSTRAINT `teacher_personnel` FOREIGN KEY (`personnel`) REFERENCES `personnel` (`id`) ON DELETE CASCADE ON UPDATE CASCADE
) ENGINE=InnoDB AUTO_INCREMENT=3 DEFAULT CHARSET=utf8;
/*!40101 SET character_set_client = @saved_cs_client */;

--
-- Dumping data for table `teacher`
--

LOCK TABLES `teacher` WRITE;
/*!40000 ALTER TABLE `teacher` DISABLE KEYS */;
INSERT INTO `teacher` VALUES (2,3,1);
/*!40000 ALTER TABLE `teacher` ENABLE KEYS */;
UNLOCK TABLES;
/*!40103 SET TIME_ZONE=@OLD_TIME_ZONE */;

/*!40101 SET SQL_MODE=@OLD_SQL_MODE */;
/*!40014 SET FOREIGN_KEY_CHECKS=@OLD_FOREIGN_KEY_CHECKS */;
/*!40014 SET UNIQUE_CHECKS=@OLD_UNIQUE_CHECKS */;
/*!40101 SET CHARACTER_SET_CLIENT=@OLD_CHARACTER_SET_CLIENT */;
/*!40101 SET CHARACTER_SET_RESULTS=@OLD_CHARACTER_SET_RESULTS */;
/*!40101 SET COLLATION_CONNECTION=@OLD_COLLATION_CONNECTION */;
/*!40111 SET SQL_NOTES=@OLD_SQL_NOTES */;

-- Dump completed on 2020-04-21 23:36:36
